,date,max_earnings,min_earnings,name,subscribers,views
0,2018-12-02 ,348700,21800,T-Series,73109515,54645090144
1,2018-12-04 ,373000,23300,T-Series,73721976,54817406795
2,2018-12-06 ,377400,23600,T-Series,74208335,54999469306
3,2018-12-08 ,348300,21800,T-Series,74635865,55177093764
4,2018-12-10 ,314700,19700,T-Series,74989383,55342803201
5,2018-12-12 ,396800,24800,T-Series,75284522,55520621661
6,2018-12-14 ,431500,27000,T-Series,75395083,55739751384
7,2018-12-03,316300,19800,T-Series,73410923,55739751384
8,2018-12-05,350800,21900,T-Series,73982223,55739751384
9,2018-12-07,362200,22600,T-Series,74438170,55739751384
10,2018-12-09,348100,21800,T-Series,74825240,55739751384
11,2018-12-11,314400,19700,T-Series,75127757,55739751384
12,2018-12-13,445000,27800,T-Series,75448639,55739751384
13,2018-12-15,293600,18300,T-Series,75521365 LIVE,55739751384
14,2018-12-02 ,194000,12100,SET India,36819572,25384772850
15,2018-12-04 ,192100,12000,SET India,36955167,25479093022
16,2018-12-06 ,182400,11400,SET India,37085177,25572319102
17,2018-12-08 ,180100,11300,SET India,37213765,25660704808
18,2018-12-10 ,171500,10700,SET India,37342867,25752224663
19,2018-12-12 ,179400,11200,SET India,37457715,25841596266
20,2018-12-14 ,174600,10900,SET India,37447402,25929266478
21,2018-12-03,185100,11600,SET India,36887533,25929266478
22,2018-12-05,190500,11900,SET India,37024079,25929266478
23,2018-12-07,173500,10800,SET India,37148766,25929266478
24,2018-12-09,194600,12200,SET India,37279082,25929266478
25,2018-12-11,178100,11100,SET India,37400143,25929266478
26,2018-12-13,176100,11000,SET India,37512009,25929266478
27,2018-12-15,95500,6000,SET India,37493700 LIVE,25929266478
28,2018-12-02 ,211000,13200,5-Minute Crafts,42569106,10645846806
29,2018-12-04 ,143600,9000,5-Minute Crafts,42957808,10726761997
30,2018-12-06 ,117500,7300,5-Minute Crafts,43267010,10789450063
31,2018-12-08 ,126400,7900,5-Minute Crafts,43541662,10853081627
32,2018-12-10 ,81200,5100,5-Minute Crafts,43757849,10902396279
33,2018-12-12 ,86800,5400,5-Minute Crafts,43928223,10942269841
34,2018-12-14 ,68700,4300,5-Minute Crafts,43910819,10976754057
35,2018-12-03,180100,11300,5-Minute Crafts,42786584,10976754057
36,2018-12-05,133200,8300,5-Minute Crafts,43122901,10976754057
37,2018-12-07,128200,8000,5-Minute Crafts,43408009,10976754057
38,2018-12-09,116000,7300,5-Minute Crafts,43664657,10976754057
39,2018-12-11,72700,4500,5-Minute Crafts,43838024,10976754057
40,2018-12-13,69200,4300,5-Minute Crafts,44004782,10976754057
41,2018-12-15,48500,3000,5-Minute Crafts,43976423 LIVE,10976754057
42,2018-12-02 ,110300,6900,Zee TV,21834074,14720395072
43,2018-12-04 ,119100,7400,Zee TV,21895475,14777041562
44,2018-12-06 ,112900,7100,Zee TV,21957604,14833240322
45,2018-12-08 ,118400,7400,Zee TV,22021285,14887547797
46,2018-12-10 ,103500,6500,Zee TV,22085662,14944947815
47,2018-12-12 ,117600,7400,Zee TV,22146015,15004753608
48,2018-12-14 ,114500,7200,Zee TV,22132727,15062824301
49,2018-12-03,107500,6700,Zee TV,21864988,15062824301
50,2018-12-05,111900,7000,Zee TV,21927222,15062824301
51,2018-12-07,98800,6200,Zee TV,21988221,15062824301
52,2018-12-09,126100,7900,Zee TV,22053796,15062824301
53,2018-12-11,121600,7600,Zee TV,22115421,15062824301
54,2018-12-13,117800,7400,Zee TV,22175834,15062824301
55,2018-12-15,70000,4400,Zee TV,22158126 LIVE,15062824301
56,2018-12-02 ,4800,302,VN Children’s Music,0,250476163
57,2018-12-04 ,1900,120,VN Children’s Music,0,251778124
58,2018-12-06 ,4100,256,VN Children’s Music,0,253565129
59,2018-12-08 ,5900,369,VN Children’s Music,0,256374467
60,2018-12-10 ,6300,392,VN Children’s Music,0,259596388
61, 2018-12-12 ,1500000,93500,VN Children’s Music,0,634574771
62,2018-12-14 ,5100,321,VN Children’s Music,0,625545027
63,2018-12-03,3300,206,VN Children’s Music,0,625545027
64,2018-12-05,3000,191,VN Children’s Music,0,625545027
65,2018-12-07,5300,334,VN Children’s Music,0,625545027
66,2018-12-09,6600,413,VN Children’s Music,0,625545027
67,2018-12-11,4700,291,VN Children’s Music,0,625545027
68,2018-12-13,2600,,VN Children’s Music,0,625545027
69,2018-12-15,3700,228,VN Children’s Music,0 LIVE,625545027
70,2018-12-02 ,264800,16600,Cocomelon - Nursery Rhymes,28415529,14958868925
71,2018-12-04 ,34000,,Cocomelon - Nursery Rhymes,28618265,14880831607
72,2018-12-06 ,249000,15600,Cocomelon - Nursery Rhymes,28826120,15005759903
73,2018-12-08 ,242600,15200,Cocomelon - Nursery Rhymes,29024071,14864409760
74,2018-12-10 ,183300,11500,Cocomelon - Nursery Rhymes,29220457,14971905853
75,2018-12-12 ,283200,17700,Cocomelon - Nursery Rhymes,29420217,15091100837
76,2018-12-14 ,43800,2700,Cocomelon - Nursery Rhymes,29535480,15171800513
77,2018-12-03,232500,14500,Cocomelon - Nursery Rhymes,28519406,15171800513
78,2018-12-05,250700,15700,Cocomelon - Nursery Rhymes,28725340,15171800513
79,2018-12-07,50500,,Cocomelon - Nursery Rhymes,28922703,15171800513
80,2018-12-09,246700,15400,Cocomelon - Nursery Rhymes,29124608,15171800513
81,2018-12-11,193600,12100,Cocomelon - Nursery Rhymes,29315347,15171800513
82,2018-12-13,279000,17400,Cocomelon - Nursery Rhymes,29523716,15171800513
83,2018-12-15,172400,10800,Cocomelon - Nursery Rhymes,29610071 LIVE,15171800513
84,2018-12-02 ,121200,7600,Like Nastya Vlog,12519219,4367248760
85,2018-12-04 ,90400,5700,Like Nastya Vlog,12632913,4411696039
86,2018-12-06 ,67600,4200,Like Nastya Vlog,12716352,4447364691
87,2018-12-08 ,90200,5600,Like Nastya Vlog,12807610,4488616517
88,2018-12-10 ,81600,5100,Like Nastya Vlog,12908696,4531436734
89,2018-12-12 ,89200,5600,Like Nastya Vlog,13014385,4575652220
90,2018-12-14 ,114100,7100,Like Nastya Vlog,13116999,4629998359
91,2018-12-03,87400,5500,Like Nastya Vlog,12576366,4629998359
92,2018-12-05,75100,4700,Like Nastya Vlog,12677685,4629998359
93,2018-12-07,74800,4700,Like Nastya Vlog,12757260,4629998359
94,2018-12-09,89700,5600,Like Nastya Vlog,12858827,4629998359
95,2018-12-11,87600,5500,Like Nastya Vlog,12959706,4629998359
96,2018-12-13,103200,6500,Like Nastya Vlog,13078935,4629998359
97,2018-12-15,68600,4300,Like Nastya Vlog,13170168 LIVE,4629998359
98,2018-12-02 ,101700,6400,Canal KondZilla,43556667,21370547583
99,2018-12-04 ,91100,5700,Canal KondZilla,43634399,21410475911
100,2018-12-06 ,88500,5500,Canal KondZilla,43717484,21453861818
101,2018-12-08 ,109800,6900,Canal KondZilla,43817799,21506566575
102,2018-12-10 ,81400,5100,Canal KondZilla,43905729,21552816812
103,2018-12-12 ,88100,5500,Canal KondZilla,43984649,21596816132
104,2018-12-14 ,100100,6300,Canal KondZilla,43997471,21644285287
105,2018-12-03,68600,4300,Canal KondZilla,43595853,21644285287
106,2018-12-05,85100,5300,Canal KondZilla,43675036,21644285287
107,2018-12-07,101100,6300,Canal KondZilla,43764829,21644285287
108,2018-12-09,103600,6500,Canal KondZilla,43866869,21644285287
109,2018-12-11,87900,5500,Canal KondZilla,43943854,21644285287
110,2018-12-13,89700,5600,Canal KondZilla,44027628,21644285287
111,2018-12-15,45200,2800,Canal KondZilla,44025576 LIVE,21644285287
112,2018-12-02 ,1400,88,U2VEVO,1058670,856763415
113,2018-12-04 ,1500,94,U2VEVO,1058519,857421956
114,2018-12-06 ,1500,92,U2VEVO,1058447,858121423
115,2018-12-08 ,1700,105,U2VEVO,1058380,858943275
116,2018-12-10 ,1300,79,U2VEVO,1058129,859606127
117,2018-12-12 ,1300,81,U2VEVO,1057979,860251237
118,2018-12-14 ,1200000,74400,U2VEVO,1057234,1158317839
119,2018-12-03,1100,71,U2VEVO,1058623,1158317839
120,2018-12-05,1300,83,U2VEVO,1058519,1158317839
121,2018-12-07,1600,101,U2VEVO,1058380,1158317839
122,2018-12-09,1400,87,U2VEVO,1058202,1158317839
123,2018-12-11,1300,80,U2VEVO,1058043,1158317839
124,2018-12-13,1400,87,U2VEVO,1058013,1158317839
125,2018-12-15,947,59,U2VEVO,1057234 LIVE,1158317839
126,2018-12-03  ,76800,4800,Salih Reis'in Dünyası,0,3728205097
127,2018-12-05 ,75100,4700,Salih Reis'in Dünyası,0,3767383206
128,2018-12-07 ,88700,5500,Salih Reis'in Dünyası,0,3808612608
129,2018-12-09 ,107100,6700,Salih Reis'in Dünyası,0,3860163504
130,2018-12-11 ,93200,5800,Salih Reis'in Dünyası,0,3908099690
131,2018-12-13 ,94600,5900,Salih Reis'in Dünyası,0,3953523754
132,2018-12-15 ,72100,4500,Salih Reis'in Dünyası,0 LIVE,3997469761
133,2018-12-02,87700,5500,Salih Reis'in Dünyası,0,3997469761
134,2018-12-04,81700,5100,Salih Reis'in Dünyası,0,3997469761
135,2018-12-06,76200,4800,Salih Reis'in Dünyası,0,3997469761
136,2018-12-08,99100,6200,Salih Reis'in Dünyası,0,3997469761
137,2018-12-10,98500,6200,Salih Reis'in Dünyası,0,3997469761
138,2018-12-12,87100,5400,Salih Reis'in Dünyası,0,3997469761
139,2018-12-14,103700,6500,Salih Reis'in Dünyası,0,3997469761
140,2018-12-02 ,102500,6400,Movieclips,20252461,18894885988
141,2018-12-04 ,91800,5700,Movieclips,20310889,18937910488
142,2018-12-06 ,84400,5300,Movieclips,20373035,18980452792
143,2018-12-08 ,101100,6300,Movieclips,20444816,19026959323
144,2018-12-10 ,75700,4700,Movieclips,20507692,19069589000
145,2018-12-12 ,76700,4800,Movieclips,20560088,19109185587
146,2018-12-14 ,85200,5300,Movieclips,20529142,19150225524
147,2018-12-03,80300,5000,Movieclips,20282748,19150225524
148,2018-12-05,85800,5400,Movieclips,20339193,19150225524
149,2018-12-07,84900,5300,Movieclips,20406837,19150225524
150,2018-12-09,94800,5900,Movieclips,20478204,19150225524
151,2018-12-11,81700,5100,Movieclips,20535900,19150225524
152,2018-12-13,78900,4900,Movieclips,20585676,19150225524
153,2018-12-15,55200,3400,Movieclips,20552272 LIVE,19150225524
154,2018-12-02 ,2200,137,Satisfying Slime ASMR,2446886,282461015
155,2018-12-04 ,1500,96,Satisfying Slime ASMR,2448109,283202501
156,2018-12-06 ,1400,90,Satisfying Slime ASMR,2449986,283709241
157,2018-12-08 ,2500,158,Satisfying Slime ASMR,2453744,284896152
158,2018-12-10 ,978,61,Satisfying Slime ASMR,2456685,285598716
159,2018-12-12 ,1100000,68900,Satisfying Slime ASMR,2458977,561648053
160,2018-12-14 ,2200,140,Satisfying Slime ASMR,2454043,562644956
161,2018-12-03,1400,89,Satisfying Slime ASMR,2447575,562644956
162,2018-12-05,587,37,Satisfying Slime ASMR,2448829,562644956
163,2018-12-07,2200,139,Satisfying Slime ASMR,2451700,562644956
164,2018-12-09,1800,114,Satisfying Slime ASMR,2455568,562644956
165,2018-12-11,1200,75,Satisfying Slime ASMR,2457668,562644956
166,2018-12-13,1700,109,Satisfying Slime ASMR,2460683,562644956
167,2018-12-15,1900,117,Satisfying Slime ASMR,2455620 LIVE,562644956
168,2018-12-02 ,89,6,jorgeembon,437609,293995506
169,2018-12-04 ,108,7,jorgeembon,437654,294040038
170,2018-12-06 ,858100,53600,jorgeembon,437733,508591780
171,2018-12-08 ,234500,14700,jorgeembon,437856,571028903
172,2018-12-10 ,124,8,jorgeembon,437960,571102924
173,2018-12-12 ,149,9,jorgeembon,438109,571183436
174,2018-12-14 ,149,9,jorgeembon,438004,571257740
175,2018-12-03,70,4,jorgeembon,437629,571257740
176,2018-12-05,71,4,jorgeembon,437681,571257740
177,2018-12-07,15200,951,jorgeembon,437792,571257740
178,2018-12-09,172,11,jorgeembon,437905,571257740
179,2018-12-11,173,11,jorgeembon,438028,571257740
180,2018-12-13,148,9,jorgeembon,438178,571257740
181,2018-12-15,76,5,jorgeembon,438027 LIVE,571257740
182,2018-12-02 ,81600,5100,✿ Kids Diana Show,13743406,4107240461
183,2018-12-04 ,96000,6000,✿ Kids Diana Show,13858348,4148174080
184,2018-12-06 ,73500,4600,✿ Kids Diana Show,13986117,4191402000
185,2018-12-08 ,93300,5800,✿ Kids Diana Show,14120714,4234140769
186,2018-12-10 ,76200,4800,✿ Kids Diana Show,14435854,4275237111
187,2018-12-12 ,78300,4900,✿ Kids Diana Show,14435854,4314120264
188,2018-12-14 ,86600,5400,✿ Kids Diana Show,14475690,4354943991
189,2018-12-03,67700,4200,✿ Kids Diana Show,13791108,4354943991
190,2018-12-05,99400,6200,✿ Kids Diana Show,13931790,4354943991
191,2018-12-07,77600,4900,✿ Kids Diana Show,14048624,4354943991
192,2018-12-09,88200,5500,✿ Kids Diana Show,14193047,4354943991
193,2018-12-11,77200,4800,✿ Kids Diana Show,14435854,4354943991
194,2018-12-13,76700,4800,✿ Kids Diana Show,14435854,4354943991
195,2018-12-15,58500,3700,✿ Kids Diana Show,14532345 LIVE,4354943991
196,2018-12-02 ,80800,5000,netd müzik,12318984,25814488751
197,2018-12-04 ,83100,5200,netd müzik,12335743,25854162170
198,2018-12-06 ,81600,5100,netd müzik,12355215,25895083515
199,2018-12-08 ,91300,5700,netd müzik,12376518,25938985704
200,2018-12-10 ,75800,4700,netd müzik,12395833,25977960437
201,2018-12-12 ,80700,5000,netd müzik,12412957,26017717949
202,2018-12-14 ,81700,5100,netd müzik,12398976,26057905245
203,2018-12-03,75600,4700,netd müzik,12327415,26057905245
204,2018-12-05,82000,5100,netd müzik,12345504,26057905245
205,2018-12-07,84300,5300,netd müzik,12364807,26057905245
206,2018-12-09,80100,5000,netd müzik,12387676,26057905245
207,2018-12-11,78400,4900,netd müzik,12403765,26057905245
208,2018-12-13,79100,4900,netd müzik,12421977,26057905245
209,2018-12-15,50400,3200,netd müzik,12408559 LIVE,26057905245
210,2018-12-02 ,127300,8000,ArianaGrandeVevo,19060596,9962626322
211,2018-12-04 ,89200,5600,ArianaGrandeVevo,19055657,10005293129
212,2018-12-06 ,65800,4100,ArianaGrandeVevo,19053304,10040261424
213,2018-12-08 ,55400,3500,ArianaGrandeVevo,19048656,10069413096
214,2018-12-10 ,42900,2700,ArianaGrandeVevo,19044899,10092828732
215,2018-12-12 ,41500,2600,ArianaGrandeVevo,19043325,10113914249
216,2018-12-14 ,46300,2900,ArianaGrandeVevo,19030298,10136310868
217,2018-12-03,81400,5100,ArianaGrandeVevo,19058747,10136310868
218,2018-12-05,74100,4600,ArianaGrandeVevo,19053204,10136310868
219,2018-12-07,61200,3800,ArianaGrandeVevo,19050218,10136310868
220,2018-12-09,50700,3200,ArianaGrandeVevo,19046711,10136310868
221,2018-12-11,42800,2700,ArianaGrandeVevo,19043282,10136310868
222,2018-12-13,43300,2700,ArianaGrandeVevo,19043392,10136310868
223,2018-12-15,25000,1600,ArianaGrandeVevo,19030308 LIVE,10136310868
224,2018-12-02 ,11700,734,Google,6844096,2075883917
225,2018-12-04 ,12300,767,Google,6848345,2081546774
226,2018-12-06 ,12800,803,Google,6853483,2088707624
227,2018-12-08 ,10200,638,Google,6857928,2093091148
228,2018-12-10 ,34600,2200,Google,6861937,2104172292
229,2018-12-12 ,21300,1300,Google,6866990,2293505847
230,2018-12-14 ,36800,2300,Google,6874637,2311560871
231,2018-12-03,10400,649,Google,6846142,2311560871
232,2018-12-05,15800,987,Google,6850880,2311560871
233,2018-12-07,7300,458,Google,6855706,2311560871
234,2018-12-09,9700,606,Google,6860372,2311560871
235,2018-12-11,736000,46000,Google,6862578,2311560871
236,2018-12-13,35500,2200,Google,6881079,2311560871
237,2018-12-15,24100,1500,Google,6877275 LIVE,2311560871
238,2018-12-02 ,69100,4300,Zee Music Company,27624154,13323136422
239,2018-12-04 ,65700,4100,Zee Music Company,27708396,13355597426
240,2018-12-06 ,68000,4300,Zee Music Company,27795616,13389249587
241,2018-12-08 ,69500,4300,Zee Music Company,27884848,13423720693
242,2018-12-10 ,61500,3800,Zee Music Company,27969882,13456513427
243,2018-12-12 ,68700,4300,Zee Music Company,28048200,13488341525
244,2018-12-14 ,70900,4400,Zee Music Company,28048013,13524222601
245,2018-12-03,64100,4000,Zee Music Company,27665964,13524222601
246,2018-12-05,66600,4200,Zee Music Company,27751592,13524222601
247,2018-12-07,68400,4300,Zee Music Company,27838956,13524222601
248,2018-12-09,69700,4400,Zee Music Company,27929474,13524222601
249,2018-12-11,58600,3700,Zee Music Company,28006997,13524222601
250,2018-12-13,72700,4500,Zee Music Company,28091987,13524222601
251,2018-12-15,47000,2900,Zee Music Company,28085162 LIVE,13524222601
252,2018-12-02 ,65000,4100,Speed Records,17917528,9077183044
253,2018-12-04 ,77800,4900,Speed Records,18013218,9111761527
254,2018-12-06 ,68200,4300,Speed Records,18112609,9148049923
255,2018-12-08 ,70700,4400,Speed Records,18205405,9183509667
256,2018-12-10 ,61100,3800,Speed Records,18286015,9215225211
257,2018-12-12 ,61200,3800,Speed Records,18359658,9245104174
258,2018-12-14 ,66100,4100,Speed Records,18372314,9277373026
259,2018-12-03,60600,3800,Speed Records,17953062,9277373026
260,2018-12-05,77000,4800,Speed Records,18064997,9277373026
261,2018-12-07,71200,4400,Speed Records,18159497,9277373026
262,2018-12-09,65700,4100,Speed Records,18246738,9277373026
263,2018-12-11,58300,3600,Speed Records,18321874,9277373026
264,2018-12-13,63000,3900,Speed Records,18397442,9277373026
265,2018-12-15,53300,3300,Speed Records,18406276 LIVE,9277373026
266,2018-12-02 ,62500,3900,Boram Tube ToysReview [보람튜브…,6436457,1717623605
267,2018-12-04 ,71000,4400,Boram Tube ToysReview [보람튜브…,6551186,1749669458
268,2018-12-06 ,62000,3900,Boram Tube ToysReview [보람튜브…,6666100,1783038386
269,2018-12-08 ,78800,4900,Boram Tube ToysReview [보람튜브…,6788014,1820208031
270,2018-12-10 ,72600,4500,Boram Tube ToysReview [보람튜브…,6915953,1859396479
271,2018-12-12 ,57100,3600,Boram Tube ToysReview [보람튜브…,7009357,1888212330
272,2018-12-14 ,63300,4000,Boram Tube ToysReview [보람튜브…,7106361,1918393680
273,2018-12-03,57200,3600,Boram Tube ToysReview [보람튜브…,6488148,1918393680
274,2018-12-05,71500,4500,Boram Tube ToysReview [보람튜브…,6612789,1918393680
275,2018-12-07,69900,4400,Boram Tube ToysReview [보람튜브…,6725199,1918393680
276,2018-12-09,84100,5300,Boram Tube ToysReview [보람튜브…,6856315,1918393680
277,2018-12-11,58100,3600,Boram Tube ToysReview [보람튜브…,6962920,1918393680
278,2018-12-13,57400,3600,Boram Tube ToysReview [보람튜브…,7058788,1918393680
279,2018-12-15,48000,3000,Boram Tube ToysReview [보람튜브…,7148487 LIVE,1918393680
280,2018-12-03 ,323,20,سيف SAIIF,1928943,242608180
281,2018-12-05 ,1200,77,سيف SAIIF,1931727,243119534
282,2018-12-07 ,1700,103,سيف SAIIF,1935423,243863537
283,2018-12-09 ,1100,71,سيف SAIIF,1938375,244505089
284,2018-12-11 ,1200,75,سيف SAIIF,1940941,245088303
285,2018-12-13 ,1500,94,سيف SAIIF,1944954,245787889
286,2018-12-15 ,817,51,سيف SAIIF,1942214 LIVE,246365210
287,2018-12-02,869400,54300,سيف SAIIF,1928338,246365210
288,2018-12-04,818,51,سيف SAIIF,1929955,246365210
289,2018-12-06,1300,83,سيف SAIIF,1933885,246365210
290,2018-12-08,1400,89,سيف SAIIF,1937122,246365210
291,2018-12-10,1100,71,سيف SAIIF,1939622,246365210
292,2018-12-12,1300,81,سيف SAIIF,1942673,246365210
293,2018-12-14,1500,93,سيف SAIIF,1940470,246365210
294,2018-12-03 ,60500,3800,Toys and Colors,6806367,3497365836
295,2018-12-05 ,62800,3900,Toys and Colors,6854731,3530155337
296,2018-12-07 ,65900,4100,Toys and Colors,6898783,3561499760
297,2018-12-09 ,68700,4300,Toys and Colors,6949037,3596964077
298,2018-12-11 ,56800,3600,Toys and Colors,6988194,3625141533
299,2018-12-13 ,60700,3800,Toys and Colors,7029022,3655204863
300,2018-12-15 ,41400,2600,Toys and Colors,7035286 LIVE,3680622034
301,2018-12-02,76900,4800,Toys and Colors,6780827,3680622034
302,2018-12-04,68400,4300,Toys and Colors,6832494,3680622034
303,2018-12-06,59500,3700,Toys and Colors,6874871,3680622034
304,2018-12-08,73200,4600,Toys and Colors,6923799,3680622034
305,2018-12-10,55900,3500,Toys and Colors,6968879,3680622034
306,2018-12-12,59600,3700,Toys and Colors,7008471,3680622034
307,2018-12-14,60300,3800,Toys and Colors,7020813,3680622034
308,2018-12-02 ,61200,3800,Colors TV,14372965,9608578258
309,2018-12-04 ,71200,4500,Colors TV,14423135,9641033388
310,2018-12-06 ,68700,4300,Colors TV,14473327,9674086061
311,2018-12-08 ,63700,4000,Colors TV,14521822,9705042227
312,2018-12-10 ,55900,3500,Colors TV,14568925,9735458483
313,2018-12-12 ,68200,4300,Colors TV,14616890,9770563898
314, 2018-12-14 ,68900,4300,Colors TV,14615214,9803728051
315,2018-12-03,58600,3700,Colors TV,14397338,9803728051
316,2018-12-05,63500,4000,Colors TV,14448875,9803728051
317,2018-12-07,60100,3800,Colors TV,14497271,9803728051
318,2018-12-09,65800,4100,Colors TV,14544840,9803728051
319,2018-12-11,72200,4500,Colors TV,14592986,9803728051
320,2018-12-13,63700,4000,Colors TV,14639185,9803728051
321,2018-12-15,37600,2400,Colors TV,14633446 LIVE,9803728051
322,2018-12-02 ,52300,3300,PewDiePie,73410556,19359225752
323,2018-12-04 ,71800,4500,PewDiePie,74182771,19390787323
324,2018-12-06 ,48500,3000,PewDiePie,74691046,19415961731
325,2018-12-08 ,65900,4100,PewDiePie,75261033,19445493202
326,2018-12-10 ,74400,4600,PewDiePie,75915924,19485620475
327,2018-12-12 ,71200,4500,PewDiePie,76388021,19524279239
328,2018-12-14 ,73600,4600,PewDiePie,76748242,19561270125
329,2018-12-03,54400,3400,PewDiePie,73894653,19561270125
330,2018-12-05,52200,3300,PewDiePie,74400727,19561270125
331,2018-12-07,52300,3300,PewDiePie,74973383,19561270125
332,2018-12-09,86100,5400,PewDiePie,75580034,19561270125
333,2018-12-11,83400,5200,PewDiePie,76185850,19561270125
334,2018-12-13,74400,4600,PewDiePie,76603857,19561270125
335,2018-12-15,34300,2100,PewDiePie,76865069 LIVE,19561270125
336,2018-12-02 ,62800,3900,one31,12643106,8662899611
337,2018-12-04 ,70300,4400,one31,12682333,8695061872
338,2018-12-06 ,63700,4000,one31,12722912,8732258579
339,2018-12-08 ,69100,4300,one31,12765687,8765030993
340,2018-12-10 ,66700,4200,one31,12807624,8797777957
341,2018-12-12 ,50200,3100,one31,12842414,8825082213
342,2018-12-14 ,50300,3100,one31,12852501,8849060608
343,2018-12-03,58300,3600,one31,12661533,8849060608
344,2018-12-05,85100,5300,one31,12703653,8849060608
345,2018-12-07,62000,3900,one31,12743767,8849060608
346,2018-12-09,64300,4000,one31,12786507,8849060608
347,2018-12-11,59000,3700,one31,12826002,8849060608
348,2018-12-13,45600,2900,one31,12859020,8849060608
349,2018-12-15,45800,2900,one31,12867372 LIVE,8849060608
350,2018-12-02 ,67700,4200,GR6 EXPLODE,19464276,8847153924
351,2018-12-04 ,61900,3900,GR6 EXPLODE,19521558,8874637073
352,2018-12-06 ,59600,3700,GR6 EXPLODE,19583949,8903741295
353,2018-12-08 ,68700,4300,GR6 EXPLODE,19653840,8938919676
354,2018-12-10 ,53900,3400,GR6 EXPLODE,19714707,8967176876
355,2018-12-12 ,57900,3600,GR6 EXPLODE,19771575,8995187445
356,2018-12-14 ,65400,4100,GR6 EXPLODE,19804157,9026828501
357,2018-12-03,48000,3000,GR6 EXPLODE,19492849,9026828501
358,2018-12-05,56900,3600,GR6 EXPLODE,19552486,9026828501
359,2018-12-07,72000,4500,GR6 EXPLODE,19618247,9026828501
360,2018-12-09,59100,3700,GR6 EXPLODE,19686897,9026828501
361,2018-12-11,54100,3400,GR6 EXPLODE,19742188,9026828501
362,2018-12-13,61100,3800,GR6 EXPLODE,19803192,9026828501
363,2018-12-15,27800,1700,GR6 EXPLODE,19823409 LIVE,9026828501
364,2018-12-02 ,10700,671,YouTube Spotlight,27078320,1468394056
365,2018-12-04 ,13900,867,YouTube Spotlight,27081962,1476145358
366,2018-12-06 ,67600,4200,YouTube Spotlight,27207969,1497861736
367,2018-12-08 ,123500,7700,YouTube Spotlight,27558156,1570157571
368,2018-12-10 ,98200,6100,YouTube Spotlight,27742576,1620383956
369,2018-12-12 ,42300,2600,YouTube Spotlight,27806051,1644002058
370,2018-12-14 ,47000,2900,YouTube Spotlight,27868879,1669565202
371,2018-12-03,17100,1100,YouTube Spotlight,27079716,1669565202
372,2018-12-05,19200,1200,YouTube Spotlight,27086771,1669565202
373,2018-12-07,165700,10400,YouTube Spotlight,27412130,1669565202
374,2018-12-09,102700,6400,YouTube Spotlight,27657404,1669565202
375,2018-12-11,52200,3300,YouTube Spotlight,27779748,1669565202
376,2018-12-13,55300,3500,YouTube Spotlight,27840154,1669565202
377,2018-12-15,21700,1400,YouTube Spotlight,27885829 LIVE,1669565202
378,2018-12-02 ,56800,3500,El Reino Infantil,17549982,17689070919
379,2018-12-04 ,62400,3900,El Reino Infantil,17591512,17717326625
380,2018-12-06 ,57800,3600,El Reino Infantil,17632719,17691052035
381,2018-12-08 ,56700,3500,El Reino Infantil,17674648,17721487178
382,2018-12-10 ,55500,3500,El Reino Infantil,17716957,17749027482
383,2018-12-12 ,58800,3700,El Reino Infantil,17758868,17778780488
384,2018-12-14 ,60400,3800,El Reino Infantil,17770278,17864677832
385,2018-12-03,50600,3200,El Reino Infantil,17570558,17864677832
386,2018-12-05,10200,,El Reino Infantil,17611779,17864677832
387,2018-12-07,65000,4100,El Reino Infantil,17653610,17864677832
388,2018-12-09,54600,3400,El Reino Infantil,17696988,17864677832
389,2018-12-11,60200,3800,El Reino Infantil,17737604,17864677832
390,2018-12-13,283200,17700,El Reino Infantil,17779039,17864677832
391,2018-12-15,29400,1800,El Reino Infantil,17780925 LIVE,17864677832
392,2018-12-02 ,58600,3700,Sony Music India,20163435,8098754308
393,2018-12-04 ,48400,3000,Sony Music India,20242874,8123501662
394,2018-12-06 ,51900,3200,Sony Music India,20324599,8149409962
395,2018-12-08 ,59700,3700,Sony Music India,20423015,8178057736
396,2018-12-10 ,66300,4100,Sony Music India,20548726,8209628106
397,2018-12-12 ,91,,Sony Music India,20658262,8228495351
398,2018-12-14 ,63100,3900,Sony Music India,20725141,8260570041
399,2018-12-03,50600,3200,Sony Music India,20203435,8260570041
400,2018-12-05,51700,3200,Sony Music India,20282781,8260570041
401,2018-12-07,54900,3400,Sony Music India,20371127,8260570041
402,2018-12-09,60000,3700,Sony Music India,20471765,8260570041
403,2018-12-11,76900,4800,Sony Music India,20604692,8260570041
404,2018-12-13,65200,4100,Sony Music India,20713124,8260570041
405,2018-12-15,52800,3300,Sony Music India,20771730 LIVE,8260570041
406,2018-12-02 ,63700,4000,CKN Toys,10159563,8677677271
407,2018-12-04 ,57900,3600,CKN Toys,10190023,8704819252
408,2018-12-06 ,53900,3400,CKN Toys,10222980,8732368208
409,2018-12-08 ,61200,3800,CKN Toys,10259885,8761853976
410,2018-12-10 ,45900,2900,CKN Toys,10288276,8787081269
411,2018-12-12 ,44200,2800,CKN Toys,10314996,8810263739
412,2018-12-14 ,44500,2800,CKN Toys,10308445,8832177790
413,2018-12-03,50700,3200,CKN Toys,10174744,8832177790
414,2018-12-05,56300,3500,CKN Toys,10206416,8832177790
415,2018-12-07,56800,3500,CKN Toys,10240930,8832177790
416,2018-12-09,55000,3400,CKN Toys,10275590,8832177790
417,2018-12-11,48500,3000,CKN Toys,10301365,8832177790
418,2018-12-13,43200,2700,CKN Toys,10327809,8832177790
419,2018-12-15,30500,1900,CKN Toys,10318744 LIVE,8832177790
420,2018-12-02 ,51600,3200,Toys And Little Gaby,6498833,1705663695
421,2018-12-04 ,51200,3200,Toys And Little Gaby,6562361,1730057184
422,2018-12-06 ,53000,3300,Toys And Little Gaby,6633663,1756016732
423,2018-12-08 ,57400,3600,Toys And Little Gaby,6707674,1783891495
424,2018-12-10 ,47100,2900,Toys And Little Gaby,6774236,1808160159
425,2018-12-12 ,55000,3400,Toys And Little Gaby,6842405,1835152328
426,2018-12-14 ,53300,3300,Toys And Little Gaby,6908700,1861966667
427,2018-12-03,46400,2900,Toys And Little Gaby,6530574,1861966667
428,2018-12-05,50800,3200,Toys And Little Gaby,6597578,1861966667
429,2018-12-07,54100,3400,Toys And Little Gaby,6670415,1861966667
430,2018-12-09,50000,3100,Toys And Little Gaby,6742170,1861966667
431,2018-12-11,52900,3300,Toys And Little Gaby,6808401,1861966667
432,2018-12-13,53900,3400,Toys And Little Gaby,6877319,1861966667
433,2018-12-15,32500,2000,Toys And Little Gaby,6935529 LIVE,1861966667
434,2018-12-02 ,51700,3200,SonyMusicIndiaVEVO,16164599,7280034271
435,2018-12-04 ,51000,3200,SonyMusicIndiaVEVO,16228910,7304860702
436,2018-12-06 ,50000,3100,SonyMusicIndiaVEVO,16295432,7329623637
437,2018-12-08 ,52000,3300,SonyMusicIndiaVEVO,16366840,7355775321
438,2018-12-10 ,46900,2900,SonyMusicIndiaVEVO,16434255,7379930397
439,2018-12-12 ,54500,3400,SonyMusicIndiaVEVO,16500871,7405547025
440,2018-12-14 ,56300,3500,SonyMusicIndiaVEVO,16513855,7434046674
441,2018-12-03,48300,3000,SonyMusicIndiaVEVO,16196307,7434046674
442,2018-12-05,49000,3100,SonyMusicIndiaVEVO,16262283,7434046674
443,2018-12-07,52600,3300,SonyMusicIndiaVEVO,16330914,7434046674
444,2018-12-09,49800,3100,SonyMusicIndiaVEVO,16400439,7434046674
445,2018-12-11,48000,3000,SonyMusicIndiaVEVO,16465412,7434046674
446,2018-12-13,57700,3600,SonyMusicIndiaVEVO,16537290,7434046674
447,2018-12-15,40100,2500,SonyMusicIndiaVEVO,16545055 LIVE,7434046674
448,2018-12-03 ,43500,2700,BLACKPINK,15241905,3747180132
449,2018-12-05 ,45400,2800,BLACKPINK,15349887,3770036401
450,2018-12-07 ,48000,3000,BLACKPINK,15466894,3793252554
451,2018-12-09 ,56900,3600,BLACKPINK,15597418,3822002067
452,2018-12-11 ,43100,2700,BLACKPINK,15703059,3844438373
453,2018-12-13 ,42700,2700,BLACKPINK,15810104,3865668686
454,2018-12-15 ,36200,2300,BLACKPINK,15866927 LIVE,3885581182
455,2018-12-02,62100,3900,BLACKPINK,15190129,3885581182
456,2018-12-04,46100,2900,BLACKPINK,15292352,3885581182
457,2018-12-06,44800,2800,BLACKPINK,15406123,3885581182
458,2018-12-08,58100,3600,BLACKPINK,15536882,3885581182
459,2018-12-10,46700,2900,BLACKPINK,15652330,3885581182
460,2018-12-12,42200,2600,BLACKPINK,15753997,3885581182
461,2018-12-14,43500,2700,BLACKPINK,15830859,3885581182
462,2018-12-02 ,44900,2800,T-Series Bhakti Sagar,14141126,5491425692
463,2018-12-04 ,55500,3500,T-Series Bhakti Sagar,14213836,5518313182
464,2018-12-06 ,48200,3000,T-Series Bhakti Sagar,14277895,5543579880
465,2018-12-08 ,45900,2900,T-Series Bhakti Sagar,14338620,5567338997
466,2018-12-10 ,47600,3000,T-Series Bhakti Sagar,14396124,5589978407
467,2018-12-12 ,41200,2600,T-Series Bhakti Sagar,14445712,5611278208
468,2018-12-14 ,42100,2600,T-Series Bhakti Sagar,14459396,5632587756
469,2018-12-03,52000,3300,T-Series Bhakti Sagar,14177545,5632587756
470,2018-12-05,52800,3300,T-Series Bhakti Sagar,14247041,5632587756
471,2018-12-07,49100,3100,T-Series Bhakti Sagar,14309716,5632587756
472,2018-12-09,42900,2700,T-Series Bhakti Sagar,14366974,5632587756
473,2018-12-11,44000,2800,T-Series Bhakti Sagar,14420570,5632587756
474,2018-12-13,43100,2700,T-Series Bhakti Sagar,14470969,5632587756
475,2018-12-15,40000,2500,T-Series Bhakti Sagar,14470579 LIVE,5632587756
476,2018-12-02 ,3400,214,All Of Vines,1222589,172507622
477,2018-12-04 ,1700,106,All Of Vines,1224325,173366280
478,2018-12-06 ,2000,128,All Of Vines,1226417,174247785
479,2018-12-08 ,4700,293,All Of Vines,1230731,176217433
480,2018-12-10 ,2900,179,All Of Vines,1234478,178066501
481,2018-12-12 ,2300,143,All Of Vines,1236724,179184164
482,2018-12-14 ,3300,206,All Of Vines,1237981,332591293
483,2018-12-03,1700,108,All Of Vines,1223612,332591293
484,2018-12-05,1500,93,All Of Vines,1225211,332591293
485,2018-12-07,3200,199,All Of Vines,1228075,332591293
486,2018-12-09,4500,283,All Of Vines,1233022,332591293
487,2018-12-11,2200,137,All Of Vines,1235454,332591293
488,2018-12-13,610300,38100,All Of Vines,1238200,332591293
489,2018-12-15,2300,143,All Of Vines,1239551 LIVE,332591293
490,2018-12-02 ,50000,3100,BillionSurpriseToys - Nursery Rhymes & Songs,19479689,6346686342
491,2018-12-04 ,47300,3000,BillionSurpriseToys - Nursery Rhymes & Songs,19536746,6368840401
492,2018-12-06 ,48100,3000,BillionSurpriseToys - Nursery Rhymes & Songs,19596697,6392272492
493,2018-12-08 ,51800,3200,BillionSurpriseToys - Nursery Rhymes & Songs,19659241,6417641552
494,2018-12-10 ,42300,2600,BillionSurpriseToys - Nursery Rhymes & Songs,19714499,6439483970
495,2018-12-12 ,43600,2700,BillionSurpriseToys - Nursery Rhymes & Songs,19762670,6461309855
496,2018-12-14 ,43000,2700,BillionSurpriseToys - Nursery Rhymes & Songs,19738490,6482660765
497,2018-12-03,41300,2600,BillionSurpriseToys - Nursery Rhymes & Songs,19507550,6482660765
498,2018-12-05,45700,2900,BillionSurpriseToys - Nursery Rhymes & Songs,19565551,6482660765
499,2018-12-07,49700,3100,BillionSurpriseToys - Nursery Rhymes & Songs,19628122,6482660765
500,2018-12-09,45000,2800,BillionSurpriseToys - Nursery Rhymes & Songs,19688355,6482660765
501,2018-12-11,43700,2700,BillionSurpriseToys - Nursery Rhymes & Songs,19737100,6482660765
502,2018-12-13,42400,2600,BillionSurpriseToys - Nursery Rhymes & Songs,19788381,6482660765
503,2018-12-15,27900,1700,BillionSurpriseToys - Nursery Rhymes & Songs,19758216 LIVE,6482660765
504,2018-12-02 ,30500,1900,1theK (원더케이),14244269,11461490510
505,2018-12-04 ,47000,2900,1theK (원더케이),14273913,11484270507
506,2018-12-06 ,44200,2800,1theK (원더케이),14302146,11506844821
507,2018-12-08 ,51600,3200,1theK (원더케이),14334396,11531483547
508,2018-12-10 ,45100,2800,1theK (원더케이),14362696,11554750695
509,2018-12-12 ,40800,2600,1theK (원더케이),14388642,11575311513
510,2018-12-14 ,41100,2600,1theK (원더케이),14388943,11595918960
511,2018-12-03,44200,2800,1theK (원더케이),14258453,11595918960
512,2018-12-05,46100,2900,1theK (원더케이),14289109,11595918960
513,2018-12-07,47000,2900,1theK (원더케이),14318218,11595918960
514,2018-12-09,48000,3000,1theK (원더케이),14349339,11595918960
515,2018-12-11,41400,2600,1theK (원더케이),14375312,11595918960
516,2018-12-13,41300,2600,1theK (원더케이),14403473,11595918960
517,2018-12-15,30400,1900,1theK (원더케이),14398846 LIVE,11595918960
